'expensive system, 'Music venue'
'arrangement', 'Music venue'
'reinforcement system', 'Music venue'
'audio system', 'Music venue'
'wayback machine', 'Music venue'
'audio engineering', 'Music venue'
'siap system', 'Music venue'
'similar possible system', 'Music venue'
'sound system', 'Music venue'
'objective system', 'Music venue'
'medical pharma technology, 'Event'
'international hardware', 'Event'
'electrical computer', 'Event'
'thailandbangkok auto', 'Event'
'indialudhiana auto', 'Event'
'chinaguangzhou auto', 'Event'
'chinashanghai auto', 'Event'
'indiachennai auto', 'Event'
'vietnamhanoi auto', 'Event'
'japankoto industrial machine', 'Event'
'indianew delhi auto', 'Event'
'africajohannesburg auto', 'Event'
'south koreadaegu auto', 'Event'
'international machine', 'Event'
'long internet access', 'Music venue'
'important important auto, 'Performance'
'width auto', 'Performance'
'fafafa auto', 'Performance'
'height auto', 'Performance'
'relative auto', 'Performance'
'important auto', 'Performance'
'internet connection', 'Performance'
'scroll auto', 'Performance'
'traditional technology, 'Event'
'electrical system', 'Event'
'mumbai auto', 'Event'
'automotive computer', 'Event'
'scheme', 'Performance'
'synchronous machine', 'Performance'
'standard package', 'Performance'
'overall weekday technology', 'Performance'
'eagle technology', 'Performance'
'ingersoll technology', 'Performance'
'specific machine, 'Performance'
'internet access', 'Event'
'new technology, 'Concert'
'manual software', 'Event'
'auto', 'Event'
