,Link,FreqCount,Words
0,'https://dir.indiamart.com/impcat/notebook-making-machines.html', 48," '\'ims.page_begin_tm=new\'- \'a4production\'- \'priceautomation\'- \'quoteautomatic school\'- \'margin\'- \'machine\'- \'priceautomatic grade\'- \'k. engineersgardan city\'- \'quoteautomatic note\'- \'auto\'- \'clear filter\'- \'automaticweight\'- \'different material\'- \'product\'- \'industrial machinery\'- ""ims.pagetype =\'product""- \'pagination\'- \'automaticnotebook size\'- \'quote automatic note\''"
1,'https://en.wikipedia.org/wiki/Category:Netbook_manufacturers', 8," ""'origin'- 'machinery'- 'computersd'- 'computer'- 'timestamp'"""
2,'https://ohiostate.pressbooks.pub/graphicshistory/chapter/1-3-electronic-devices/', 120," ""'light bulb'- 'autodesk'- 'fairchild semiconductor'- 'computervision10.4'- 'visible light'- 'failure'- 'mechanism'- 'automatic electronic digital'- 'surface'- 'personal computer16.1'- 'metrolight'- 'pluginpath'- 'manual assembly'- 'electrical engineering'- 'first computer'- 'digital device'- 'introduction11.2 industrial light'- 'personal computerthe'- 'pressbookshypothesis'- 'electronic deviceschapter'- 'plugin'- '//www.computer-museum.org/collection/ti-icphoto.html http'- 'key'- 'electronic computer'- 'card'- 'carlson'- 'computational devices1.2'- 'own commercial computer'- 'machine'- 'omnibus computer'- 'semiconductor'- 'material'- 'final assembly'- 'autodesk/kinetix/discreetchapter'- 'electronic digital computer'- 'flight'- 'production'- 'original sketch'- 'final product'- 'productions6.7'- 'ti hand-held calculator'- 'eckert-mauchly computer'- 'device'- 'early digital computational devices1.3'- 'computer'- 'simulationflight'- 'plants19.7 data-driven imagery19.8'- 'valve'- 'first digital computer'- 'engineering'- 'calculator'- 'ibm card'- 'artistscomputer'"""
3,'https://en.wikipedia.org/wiki/Computer#History', 783," ""'title=computer'- 'federico faggin'- 'crowell-collier press'- 'microcomputer'- '16-bit microcomputer'- 'computersconsumer'- 'mechanism'- 'remote'- 'failure'- 'analytical engine'- 'available general-purpose computer'- 'combinational logic sequential logic'- 'timestamp'- 'human computer'- 'engineer'- 'first mechanical computer'- 'modern electronic computer'- 'programmable digital electronic computer'- 'supercomputer'- 'magnetic drum'- 'simple device'- 'own computer'- 'unsourced material'- 'key component'- 'flight'- 'punched card'- 'complex machine'- 'individual computer'- 'light'- 'assembly language'- 'device-and-lead structure'- 'theater'- 'short computer'- 'electronic machine'- 'computerized airline'- 'calculator'- 'light pen mouse'- 'begin'- 'laptop computer'- 'automatic general-purpose device'- 'teleprinter'- 'instant messaging'- '8-bit microcomputer'- 'usable computer'- 'computer/notebook'- 'american computer'- 'british computer'- 'hardware-related electrical engineering'- 'fuat sezgin'- 'digital equipment'- 'isbn 978-0-902505-01-8. light'- 'computer-aided design'- 'origin'- 'personal electronic computer'- 'keyboard'- 'general-purpose computer'- 'external device'- 'engin'- 'material form'- 'programmable computer'- 'semiconductor'- 'electronic equipment'- 'basic computer'- 'electronic digital computer'- 'same computer'- 'magnetic core'- 'cryptography'- 'human–computer'- 'cellular automaton'- 'large computer'- 'press'- 'typical personal computer'- '32-bit microcomputer'- 'hopper'- 'stored-program computer'- 'i 4-bit microcomputer'- 'assembly'- 'instrument'- 'synchronous logic asynchronous logic finite-state machine'- 'portable computer'- 'printer pc'- 'spintronics-based computer'- 'new device'- 'sophisticated computer'- 'other computer'- 'software-related computer'- 'first electronic programmable computer'- 'digital computer'- 'mechanical computer'- 'combination'- 'english mechanical engineer'- 'optical computer'- 'gear'- 'vtebasic computer'- 'sound card'- 'different computer'- 'crc press'- 'login'- 'simulator'- 'manual instrument'- 'actual first computer'- 'peripheral equipment'- 'machine'- 'manual resetting'- 'first electronic computer'- 'material'- 'third tide-predicting machine'- 'automatic digital computer'- 'quantum computer'- 'experimental equipment'- 'electronic stored-program digital computer'- 'printer'- 'device'- 'automation'- 'computer'- 'electronic instrumentation'- 'electronic engineering'- 'other machine'- 'fairchild semiconductor'- 'universal computer'- 'tide-predicting machine'- 'minicomputer'- 'automatic electronic digital'- 'typical modern computer'- 'optical engineering'- 'drive'- 'first stored-program computer'- 'chemical computer'- 'german engineer'- 'ultimate mechanical computer'- 'modern computer'- 'key'- 'card'- 'heater'- 'engine'- 'female computer'- 'keyboard image'- 'personal computer'- 'computer-aided manufacturing'- 'peripheral device'- 'few button'- '64-bit microcomputer'- 'wearable computer'- 'electronic calculator'- 'electronic product'- 'compatible computer'- 'automaton'- 'little engine'- 'engineering'- 'so-called computer'- 'guardian'- 'i computer'- 'button'- 'motorola'"""
4,'https://www.uncommongoods.com/fun/tech-electronics/tech-electronics', 308," '\'minfilter\'- \'ab_setup.freshnessdate\'- \'productimpressionsua.push\'- \'typeof productimpressionsua\'- \'displayactivesortandfilter\'- \'ab_setup.abdata =\'- \'auto\'- \'ab_setup.freshnessdate =\'- \'margin-left\'- \'maxfilter2\'- \'pricefilter2\'- \'ab_setup.abdata\'- \'sound-activated light\'- \'ab_setup.maxage\'- ""style=\'margin:0""- ""style=\'margin""- ""\'impression""- \'productimpressionsua\'- \'little sun solar light\'- ""span style=\'margin:0""- \'ab_setup.init\'- \'minfilter2\'- \'overrideexpid\'- \'pricefiltergo\'- \'magnetic bike\'- \'maxfilter\'- \'filter\'- \'artiphon multi-instrument ₹27612.00\'- \'ab_setup.waitfordataload\'- \'charger\'- \'light clock\'- \'recorder\'- \'productgrid.classlist.add\'- \'magnetic balance\'- \'islocalstoragenamesupported =\'- \'.flexfilter\'- \'productimpressionsua=\'- \'automatic handbag\'- \'data-filtername\'- \'smart lighting\'- ""\'firegtmloginheader""- \'overrideexpid =\'- \'productimpressionsua.length\'- \'product\'- \'.filtersortoption\'- \'smart key\'- \'pricefilter\'- \'device\'- \'pricefiltergo2\'- \'superchecksortfilter\'- ""\'aatesttrigger""- ""\'userloginstatus""- \'button\'- \'eyjhbgcioijiuzi1niisinr5cci6ikpxvcj9.eyjtzxjjaelkijoimzuymsisimnyzwf0zwreyxrlijoimjaxoc0wns0ym1qymtoynzowos4zmthaiiwiawf0ijoxnti3mtewodi5fq.tfavcvjimlxv0uj_abicb-wovjwjea-mkzubjg8i14u\''"
5,'https://en.wikipedia.org/wiki/Laptop#History', 480," ""'adapter'- 'limited drive'- 'original etymology'- 'personal supercomputer'- 'mechanism'- 'failure'- 'low production'- 'luggable computer'- 'ultraportable computing'- 'timestamp'- 'safeguarding'- 'electrical equipment'- 'support'- 'charger'- 'terminal calculator'- 'portable microcomputer'- 'unsourced material'- 'stylus/digital pen'- 'annualized failure'- 'gizmodo'- 'traditional laptop computer'- 'external drive'- 'near-ubiquitous wi-fi support'- 'gadgettrack'- 'quanta computer'- 'flight'- 'productivity'- 'solid-state drive'- 'laptops hard drive'- 'equipment'- 'personalcomputerstationary workstation'- 'jfan'- 'calculator'- 'portable personal computer'- 'microsoft surface'- 'laptop computer'- 'illuminated keyboard'- 'external keyboard'- 'pure productivity'- 'surface'- 'ibm product'- 'computersmicrocomputer'- 'laptop keyboard'- 'oldcomputers.net'- 'hard drive'- 'pci express'- 'entire assembly'- 'satellite'- 'pressure'- 'origin'- 'keyboard'- 'driver'- 'separate device'- '2.5-inch drive'- 'special computer'- 'laptops support'- 'secondary device'- 'portal laptop computer'- 'electronic equipment'- 'preventative maintenance'- 'sd card'- 'daylight'- 'led lighting'- 'press'- 'traditional static computer'- 'express'- 'mobile computer'- 'keys'- 'setup'- 'thermal printer'- 'single-board computer'- 'portable computer'- 'calculator-size printer'- 'cd/cdr/dvd drive'- 'compressed air'- 'sdd drive'- 'easy release'- 'keyboard/mouse'- 'filter'- 'expresscard slot'- 'alphanumeric keyboard'- 'basic keyboard'- 'ibm personal computer'- 'hc-20-computer museum'- 'extensive disassembly'- 'login'- 'machine'- 'productive work'- 'original manufacturer'- 'www.theguardian.com'- 'drive corporate adoption'- 'public safety'- 'single 2.5-inch drive'- 'backlight power'- 'reassembly'- 'solar charging'- 'device'- 'original design'- 'computer'- 'first laptop computer'- 'support.apple.com'- 'ac adapter'- 'human reproduction'- 'open-source computer'- 'minicomputer'- 'second hard drive'- 'flat keyboard'- 'fan'- 'sensor'- 'drive'- 'available portable computer'- 'optical drive'- 'charging'- 'detachable keyboard'- 'key'- 'reset'- 'card'- 'personal computer'- 'disc drive'- 'discharging'- 'discharging time'- 'production'- 'passive device'- 'trigger'- 'compact fan'- 'associated press'- 'engineering'- 'large device'- 'button'- 'motorola'"""
6,'https://www.delta-net.com/health-and-safety/display-screen-equipment/faqs/what-are-the-health-risks-of-using-display-screen-equipment', 51," ""'display screen equipment'- 'minutescareersmeet'- 'equipment'- 'newssupporttestimonialst'- 'keyboard'- 'contenttestimonialssupportcustomer support'- 'safety'- 'screen equipment'- 'healthcare'- 'care'"""
7,'https://dir.indiamart.com/impcat/screen-printing-equipment.html', 45," '\'card\'- \'ims.page_begin_tm=new\'- \'automaticvoltage\'- \'screen printer\'- \'margin\'- \'equipment\'- \'machinery\'- \'machine\'- \'automatic screen\'- \'auto\'- \'press\'- \'automatic flat bed\'- \'priceautomatic grade\'- \'material\'- ""ims.pagetype =\'product""- \'pagination\'- \'engineersnarolgam\''"
8,'https://en.wikipedia.org/wiki/Laptop', 480," ""'adapter'- 'limited drive'- 'original etymology'- 'personal supercomputer'- 'mechanism'- 'failure'- 'low production'- 'luggable computer'- 'ultraportable computing'- 'timestamp'- 'safeguarding'- 'electrical equipment'- 'support'- 'charger'- 'terminal calculator'- 'portable microcomputer'- 'unsourced material'- 'stylus/digital pen'- 'annualized failure'- 'gizmodo'- 'traditional laptop computer'- 'external drive'- 'near-ubiquitous wi-fi support'- 'gadgettrack'- 'quanta computer'- 'flight'- 'productivity'- 'solid-state drive'- 'laptops hard drive'- 'equipment'- 'personalcomputerstationary workstation'- 'jfan'- 'calculator'- 'portable personal computer'- 'microsoft surface'- 'laptop computer'- 'illuminated keyboard'- 'external keyboard'- 'pure productivity'- 'surface'- 'ibm product'- 'computersmicrocomputer'- 'laptop keyboard'- 'oldcomputers.net'- 'hard drive'- 'pci express'- 'entire assembly'- 'satellite'- 'pressure'- 'origin'- 'keyboard'- 'driver'- 'separate device'- '2.5-inch drive'- 'special computer'- 'laptops support'- 'secondary device'- 'portal laptop computer'- 'electronic equipment'- 'preventative maintenance'- 'sd card'- 'daylight'- 'led lighting'- 'press'- 'traditional static computer'- 'express'- 'mobile computer'- 'keys'- 'setup'- 'thermal printer'- 'single-board computer'- 'portable computer'- 'calculator-size printer'- 'cd/cdr/dvd drive'- 'compressed air'- 'sdd drive'- 'easy release'- 'keyboard/mouse'- 'filter'- 'expresscard slot'- 'alphanumeric keyboard'- 'basic keyboard'- 'ibm personal computer'- 'hc-20-computer museum'- 'extensive disassembly'- 'login'- 'machine'- 'productive work'- 'original manufacturer'- 'www.theguardian.com'- 'drive corporate adoption'- 'public safety'- 'single 2.5-inch drive'- 'backlight power'- 'reassembly'- 'solar charging'- 'device'- 'original design'- 'computer'- 'first laptop computer'- 'support.apple.com'- 'ac adapter'- 'human reproduction'- 'open-source computer'- 'minicomputer'- 'second hard drive'- 'flat keyboard'- 'fan'- 'sensor'- 'drive'- 'available portable computer'- 'optical drive'- 'charging'- 'detachable keyboard'- 'key'- 'reset'- 'card'- 'personal computer'- 'disc drive'- 'discharging'- 'discharging time'- 'production'- 'passive device'- 'trigger'- 'compact fan'- 'associated press'- 'engineering'- 'large device'- 'button'- 'motorola'"""
9,'https://en.wikipedia.org/wiki/Machine_code', 94," ""'library static machine'- 'different computer'- 'w65c816s single-board computer'- 'assembly'- 'engine'- 'timestamp'- 'machine'- 'p-code machine'- 'dataflow declarative domain-specific dynamic esoteric event-driven extensible functional imperative logic'- 'machine-readable form'- 'virtual machine'- 'computer'- 'executable machine'- 'constant expression'- 'original work'- 'interpreted machine'- 'same machine'- 'title=machine_code'- 'origin'- 'common machine'- 'debugging'"""
10,'https://en.wikipedia.org/wiki/Computer#Hardware', 783," ""'title=computer'- 'federico faggin'- 'crowell-collier press'- 'microcomputer'- '16-bit microcomputer'- 'computersconsumer'- 'mechanism'- 'remote'- 'failure'- 'analytical engine'- 'available general-purpose computer'- 'combinational logic sequential logic'- 'timestamp'- 'human computer'- 'engineer'- 'first mechanical computer'- 'modern electronic computer'- 'programmable digital electronic computer'- 'supercomputer'- 'magnetic drum'- 'simple device'- 'own computer'- 'unsourced material'- 'key component'- 'flight'- 'punched card'- 'complex machine'- 'individual computer'- 'light'- 'assembly language'- 'device-and-lead structure'- 'theater'- 'short computer'- 'electronic machine'- 'computerized airline'- 'calculator'- 'light pen mouse'- 'begin'- 'laptop computer'- 'automatic general-purpose device'- 'teleprinter'- 'instant messaging'- '8-bit microcomputer'- 'usable computer'- 'computer/notebook'- 'american computer'- 'british computer'- 'hardware-related electrical engineering'- 'fuat sezgin'- 'digital equipment'- 'isbn 978-0-902505-01-8. light'- 'computer-aided design'- 'origin'- 'personal electronic computer'- 'keyboard'- 'general-purpose computer'- 'external device'- 'engin'- 'material form'- 'programmable computer'- 'semiconductor'- 'electronic equipment'- 'basic computer'- 'electronic digital computer'- 'same computer'- 'magnetic core'- 'cryptography'- 'human–computer'- 'cellular automaton'- 'large computer'- 'press'- 'typical personal computer'- '32-bit microcomputer'- 'hopper'- 'stored-program computer'- 'i 4-bit microcomputer'- 'assembly'- 'instrument'- 'synchronous logic asynchronous logic finite-state machine'- 'portable computer'- 'printer pc'- 'spintronics-based computer'- 'new device'- 'sophisticated computer'- 'other computer'- 'software-related computer'- 'first electronic programmable computer'- 'digital computer'- 'mechanical computer'- 'combination'- 'english mechanical engineer'- 'optical computer'- 'gear'- 'vtebasic computer'- 'sound card'- 'different computer'- 'crc press'- 'login'- 'simulator'- 'manual instrument'- 'actual first computer'- 'peripheral equipment'- 'machine'- 'manual resetting'- 'first electronic computer'- 'material'- 'third tide-predicting machine'- 'automatic digital computer'- 'quantum computer'- 'experimental equipment'- 'electronic stored-program digital computer'- 'printer'- 'device'- 'automation'- 'computer'- 'electronic instrumentation'- 'electronic engineering'- 'other machine'- 'fairchild semiconductor'- 'universal computer'- 'tide-predicting machine'- 'minicomputer'- 'automatic electronic digital'- 'typical modern computer'- 'optical engineering'- 'drive'- 'first stored-program computer'- 'chemical computer'- 'german engineer'- 'ultimate mechanical computer'- 'modern computer'- 'key'- 'card'- 'heater'- 'engine'- 'female computer'- 'keyboard image'- 'personal computer'- 'computer-aided manufacturing'- 'peripheral device'- 'few button'- '64-bit microcomputer'- 'wearable computer'- 'electronic calculator'- 'electronic product'- 'compatible computer'- 'automaton'- 'little engine'- 'engineering'- 'so-called computer'- 'guardian'- 'i computer'- 'button'- 'motorola'"""
11,'https://en.wikipedia.org/wiki/Mechanical_calculator', 642," ""'10-key electronic calculator'- 'few simultaneous carry'- 'reliable machine'- 'automatic mechanical calculator'- 'release'- 'mechanism'- 'analytical engine'- 'stylus'- 'only mechanical calculator'- 'timestamp'- 'title=mechanical_calculator'- 'history-computer.com'- 'inadequate carry'- 'dalton adding-listing machine'- 'mechanical product'- 'moveable carriage'- 'first successful automatic calculator'- 'small carry'- 'new engine'- 'first ten-key printing'- 'ten-key serial entry'- 'automatic lathe'- 'true commercial production'- 'calculator'- 'column-clear key'- 'sewing machine'- 'carriage'- 'pull'- 'spur-gear differential'- 'original odhner'- 'arithmetic machine'- 'driveshaft'- 'surface'- 'new machine'- 'origin'- 'keyboard'- 'comptometer-type calculator'- 'ieee computer'- 'cylindrical device'- 'basic mechanisms'- 'added mechanism'- 'arno press'- 'first mechanical calculator'- 'second key-driven machine'- 'successful machine'- 'internal mechanical product'- 'subsequent carry'- 'press'- 'valve'- 'famous weighted sautoir'- 'tube/valve computer'- 'mechanical calculatorsoffice'- 'assembly'- 'keys'- 'instrument'- 'facit calculator'- 'beginning'- 'machinery'- 'mechanical computer'- 'ingenious anti-overshoot mechanism'- 'gear'- 'mechanical device'- 'automatic calculating'- 'careful examination'- 'same combination'- 'first 10-key computing'- 'machine'- 'key keyboard'- 'first machine'- 'leibniz machine'- 'appropriate drive'- 'first automatic calculator'- 'triple machine'- 'printer'- 'ten-key auxiliary keyboard'- 'device'- 'simple electronic calculator'- 'carry'- 'computer'- 'swinging'- '10-key keyboard'- 'gearbox'- 'all-electronic calculator'- 'first programmable calculator'- 'gear-cutting industry'- 'stepped-gear calculating'- 'first computer'- 'wide carry'- 'drive'- 'different basic mechanisms'- 'florin-stefan'- '0-405-04730-4. ginsburg'- 'modern computer'- 'basic mechanism'- 'key'- 'card'- 'sophisticated carry'- 'similar device'- 'engine'- 'mechanical calculator'- 'basic calculator'- 'effective carry'- 'programmable mechanical calculator'- 'movable carriage'- 'electronic calculator'- 'mutilated gear'- 'production'- 'gearing'- 'long lost mechanical calculator'- 'common drive'- 'little engine'- 'engineering'- 'arithmetical machine'"""
12,'http://time.com/4913866/best-student-gadgets/', 55," ""'light'- 'ize flashflight'- 'device'- 'backlit keyboard'- 'gadget-saver'- 'press'- 'safeguarding'- 'good keyboard'- 'remote control'- 'computer'- 'keyboard'- 'charger'- 'heavy lifting'- 'flashflight'- 'autofocus'- 'printer'- '24-megapixel sensor'"""
13,'https://www.shutterstock.com/image-photo/disassembly-netbook-elimination-breakdowns-repair-equipment-1019009740', 43," ""'originalurl'- 'android device'- 'equipment'- 'original image'- 'data-lightboximageid='- 'screwdriver'- 'disassembly'- 'press'- 'product'- 'engineering'- 'filter'- 'analyze computer'- 'btn btn-icon i-lightbox-label js_lightbox_add'- 'support'- 'production'- 'button'- 'gadget'"""
14,'https://www.thieme.eu/en/screen-printing-', 23," ""'sensor'- 'machinery'- 'rim automotive rim'- 'imprint'- 'press'- 'semi-conductor'- 'yahoo.widget.containereffect.fade'"""
15,'https://en.wikipedia.org/wiki/One_Laptop_per_Child', 172," ""'madagascar'- 'in-kind support'- 'remote assessment'- 'release'- 'low-cost machine'- 'olpc xo-1 original design'- 'patented device'- 'drive'- 'timestamp'- 'laptop drive'- 'hard drive'- 'america support'- 'ongoing support'- 'engineer'- 'remote cambodian school'- 'xo computer'- 'taiwanese computer'- 'origin'- 'keyboard'- 'support'- 'many other wireless device'- 'key'- 'worldchanging.com'- 'turkey'- 'unlocking key'- 'engine'- 'machine'- 'actual production'- 'personal computer'- 'decoder'- 'product'- 'on-the-ground support'- 'engadget.com'- 'production'- 'electronic product'- 'light'- 'touch-screen computer'- 'device'- 'equipment'- 'low-power laptop computer'- 'technical support'- 'inexpensive laptop computer'- 'caribe'- 'associated press'- 'computer'- 'pornographic material'- 'express'- 'belonging'- 'engineering'- 'cryptographic lease'"""
16,'https://www.digitaltrends.com/computing/experts-question-the-future-of-netbook-pcs/', 100," ""'original series'- 'blue light'- 'fun product'- 'theater'- 'machinery'- 'original purpose'- 'machine'- 'setup'- 'compact computer'- 'licensekey'- 'product'- 'computer'- 'videos original series'- 'support'- 'key'- 'whole machine'"""
17,'https://en.wikipedia.org/wiki/Laptop#Hardware', 480," ""'adapter'- 'limited drive'- 'original etymology'- 'personal supercomputer'- 'mechanism'- 'failure'- 'low production'- 'luggable computer'- 'ultraportable computing'- 'timestamp'- 'safeguarding'- 'electrical equipment'- 'support'- 'charger'- 'terminal calculator'- 'portable microcomputer'- 'unsourced material'- 'stylus/digital pen'- 'annualized failure'- 'gizmodo'- 'traditional laptop computer'- 'external drive'- 'near-ubiquitous wi-fi support'- 'gadgettrack'- 'quanta computer'- 'flight'- 'productivity'- 'solid-state drive'- 'laptops hard drive'- 'equipment'- 'personalcomputerstationary workstation'- 'jfan'- 'calculator'- 'portable personal computer'- 'microsoft surface'- 'laptop computer'- 'illuminated keyboard'- 'external keyboard'- 'pure productivity'- 'surface'- 'ibm product'- 'computersmicrocomputer'- 'laptop keyboard'- 'oldcomputers.net'- 'hard drive'- 'pci express'- 'entire assembly'- 'satellite'- 'pressure'- 'origin'- 'keyboard'- 'driver'- 'separate device'- '2.5-inch drive'- 'special computer'- 'laptops support'- 'secondary device'- 'portal laptop computer'- 'electronic equipment'- 'preventative maintenance'- 'sd card'- 'daylight'- 'led lighting'- 'press'- 'traditional static computer'- 'express'- 'mobile computer'- 'keys'- 'setup'- 'thermal printer'- 'single-board computer'- 'portable computer'- 'calculator-size printer'- 'cd/cdr/dvd drive'- 'compressed air'- 'sdd drive'- 'easy release'- 'keyboard/mouse'- 'filter'- 'expresscard slot'- 'alphanumeric keyboard'- 'basic keyboard'- 'ibm personal computer'- 'hc-20-computer museum'- 'extensive disassembly'- 'login'- 'machine'- 'productive work'- 'original manufacturer'- 'www.theguardian.com'- 'drive corporate adoption'- 'public safety'- 'single 2.5-inch drive'- 'backlight power'- 'reassembly'- 'solar charging'- 'device'- 'original design'- 'computer'- 'first laptop computer'- 'support.apple.com'- 'ac adapter'- 'human reproduction'- 'open-source computer'- 'minicomputer'- 'second hard drive'- 'flat keyboard'- 'fan'- 'sensor'- 'drive'- 'available portable computer'- 'optical drive'- 'charging'- 'detachable keyboard'- 'key'- 'reset'- 'card'- 'personal computer'- 'disc drive'- 'discharging'- 'discharging time'- 'production'- 'passive device'- 'trigger'- 'compact fan'- 'associated press'- 'engineering'- 'large device'- 'button'- 'motorola'"""
18,'http://ecomputernotes.com/fundamental/introduction-to-computer/netbook', 76," ""'data-ad-layout-key='- 'basic computernetworkingc'- 'fundamental computer'- 'auto'- 'standard hard drive'- 'minicomputer'- 'mainframe computer'- 'surface'- 'analytical engine'- 'autonomy'- 'first computer'- 'drive'- 'popular computer'- 'hard drive'- 'keyboard'- 'charger'- 'supercomputer'- 'card'- 'homecomputer'- 'analog computer'- 'pagescomputer'- 'semiconductor'- 'personal computer'- 'standard equipment'- 'external drive'- 'basic computer'- 'fundamentalcomputer'- 'convenience'- 'programmingcomputer'- 'equipment'- 'original bluetooth'- 'computer'- 'systemdbmscomputer termscomputer'- 'maximum autonomy'- 'laptop computer'"""
19,'https://en.wikipedia.org/wiki/List_of_laptop_brands_and_manufacturers', 39," ""'turkey'- 'asustek computer'- 'tongfang'- 'timestamp'- 'digital equipment'- 'margin'- 'hard drive'- 'turkey vestel'- '– microsoft surface'- 'defunct computer'- 'personal computer'- 'original design'- 'satellite qosmio'- 'product'- 'computer'- 'taiwan-based original design'- 'origin'- 'gizmodo brasil'- 'production'"""
20,'https://www.shutterstock.com/image-vector/electronic-devices-smartphone-computer-tablet-netbook-519560563', 39," ""'originalurl'- 'android device'- 'original image'- 'data-lightboximageid='- 'button'- 'press'- 'computer'- 'product'- 'filter'- 'btn btn-icon i-lightbox-label js_lightbox_add'- 'support'- 'production'- 'touch device'"""
21,'https://www.shutterstock.com/image-vector/electronic-devices-smartphone-computer-tablet-netbook-211766014', 39," ""'originalurl'- 'android device'- 'original image'- 'data-lightboximageid='- 'press'- 'blue device'- 'computer'- 'product'- 'filter'- 'btn btn-icon i-lightbox-label js_lightbox_add'- 'support'- 'production'- 'button'"""
22,'https://www.market-inspector.co.uk/blog/2017/01/10-basic-office-equipment-for-starting-a-business', 23," ""'equipment'- 'machine'- 'chosen product'- 'shredder'- 'embedcodeidbuttonclick'"""
23,'https://www.azinor.pt/en/computer-consumables-and-equipment/', 9," ""'equipment'- 'computer'"""
24,'https://www.quora.com/Why-is-a-computer-considered-an-electronic-and-not-electrical-device', 612," ""'electrical device'- 'should_cardify'- 'retryuploadingbutton'- 'electronic device.1.2k'- 'formkey'- 'max-device-width:360px'- 'auto'- 'electrical engineer'- 'client_side_batched_logging_interval'- 'microcomputer'- 'electronic device.this'- 'margin-left'- 'originallyansweredbanner'- 'margin:0 auto'- 'margin-top:8px'- 'styled.ui_button'- 'a.action_button'- 'size_regular .ui_button_icon'- '.submit_button'- '.ui_button'- 'motor'- '.results_wrapper'- 'fan'- 'flatstyle.ui_button'- 'electrical engineering'- 'postkey'- 'electrical device.computer'- 'margin'- 'electronic device.3.4k'- 'videoindicatorsvg'- 'hiragino'- 'supply.electric device'- 'should_animate_on_press'- 'washing machine'- 'engineer'- 'ptvyefosjlsjutoydqio'- 'conventional lightbulb'- 'computer.i'- '.computer'- 'reauthwrapper'- 'conversionlogging'- '-webkit-tap-highlight-color'- 'electronic device'- 'triggerpercent'- 'login'- 'googleautologinweb'- '.ui_qtext_image_wrapper canvas'- 'record_impression'- 'impressionhash'- 'mere electric device'- 'pauseuploadingbutton'- 'semiconductor'- '//www.quora.com/why-is-a-computer-considered-an-electronic-and-not-electrical-device'- 'electromagnetic device'- 'un computer'- 'in_product_answer_promotion'- 'electric device'- 'max-device-width:480px'- 'margin-top:16px'- 'from_hovercard'- '.action_button'- 'margin:0'- 'view_tracking_key'- 'min-device-pixel-ratio:1.5'- 'size_regular.ui_button'- 'computerswhy'- '.answerwikiarea h3 a.action_button'- 'device'- '.resistance_wrapper'- 'different device'- 'should_autofocus'- 'dialogsignupformwrapper'- 'margin-left:10px'- 'press'- 'resumeuploadingbutton'- 'h3 a.action_button'- 'computer'- 'dvd drive'- 'electrical devices.in'- '.contentwrapper'- 'keyweepuapixel'- 'min-device-width:320px'- 'shopper'- 'button'- 'stripepublishablekey'"""
25,'https://www.quora.com/Without-a-computer-would-there-be-any-electronic-devices', 509," ""'should_cardify'- 'retryuploadingbutton'- 'formkey'- 'max-device-width:360px'- 'auto'- 'client_side_batched_logging_interval'- 'non electronic device'- 'margin-left'- 'originallyansweredbanner'- 'margin:0 auto'- 'margin-top:8px'- 'styled.ui_button'- 'a.action_button'- 'size_regular .ui_button_icon'- '.submit_button'- '.ui_button'- 'career'- '.results_wrapper'- 'flatstyle.ui_button'- 'postkey'- 'margin'- 'videoindicatorsvg'- 'hiragino'- 'should_animate_on_press'- 'engineer'- 'support'- 'reauthwrapper'- 'conversionlogging'- '-webkit-tap-highlight-color'- 'electronic device'- 'triggerpercent'- 'login'- 'electronic computer.49'- 'googleautologinweb'- '.ui_qtext_image_wrapper canvas'- 'record_impression'- 'impressionhash'- 'pauseuploadingbutton'- 'dialogsignupformwrapper'- 'former computer'- 'product'- 'in_product_answer_promotion'- 'max-device-width:480px'- 'margin-top:16px'- 'carver'- 'from_hovercard'- '.action_button'- 'margin:0'- 'view_tracking_key'- 'min-device-pixel-ratio:1.5'- 'aaibam/uyoobrog9dcsbifab95dswdlp+jqcn8lcvokvmnpynp6n0qkn0scxz19o2osfx1jgymmr\\\\n/roim3bawmn5/fh6i7okcc9eakc92b18u/uuf3yqnuiuhri6sh2/5iod0qn5kgfs+qdwdfanfose\\\\nokyp0fhwwnsjmqpgrrmbhxgm46phe91snu5k4nntpboga6t/bnytjlrnhifierur1b/reysitaha\\\\nvz3u5kh9afqfuem1/ofrdbkjez45ddbguq/liinljpbrbeb7eed0z6me59hkuolpmy9mzebvkb4u\\\\nufnovojekwmeobz97bn+kxgrke3oxwdrx7/wvckwxulwz0yn8+uyfzg3h9k5j0fjutdhghpr342i\\\\n+hbyeur+5wpnugxt78t6losdv30h4ipv71yan6pzu2lzpk3wj89cx+ccyaabwtmbfni7ykkv/jas\\\\nnars2rc38qbmg93ra7lmlmwrj7lwpbjys1hzp7hlggym63wq47guxdvrufos1x4izolynax8g6m0\\\\ncacmcaq6xqcdkof84nwdg6nadmakpkc2gyrs20cn8q/sxsrmb5d+tsp2gixnzf0amvxplj620ps/\\\\nbt0qycmldei7hav+kysabpwv1odvn1fu6fec1qkbhygs02vp7l8zprpohg2r8seqmh3beogr+gtf\\\\n9somtk7tltg2sxdmfh1s1c2qfkwyy8fs4nysv5e45h9nceh2wijyomlwvcdpwmri9r0qcclaxmtm\\\\nvjcyb75hai7a5mgqqcpidkdr2n929bl/rteipznyuyi7yqyl9jtg5+bdcb98l4q7wf3v9zklp1xd\\\\nojdfjfo7cftj6dtsu9blrjzqmgbko2z7l9pfdygedl3hzwuzmrt4qkudsreajcj5fpx9so/qcmty\\\\nnv720eyjqjw1qxwuzfmbmeqmt9wir9nybumaiz0asteo7km2fue8clr1ikvlisligd5lq3tjmny7\\\\nkqn7e5vzp1up7h1fuzi1yr3ikzsqefyddw0hq9ht0aphscutopqtbzj7kdie4r7eo4wvlhkv2kps\\\\nro3jkfex82dsz3sy1det4eossvpst4fk9ipkgalg1hu5czm9ys60nkl7y4k/ejrk2w2oyezitnwu\\\\nibkak7bwg28wlvpu4ygki9qcdyyyguirt/stub8jmfhhlkmcfiffhk98xculv0tznczstfetphdr\\\\ntg8f796umiqrossx6zs4xtwh7hxvedupbw1oihnmknypsrazmvfmtjxsiqgtxoitqxgwd72z93eb\\\\nh3mjtlwmmp6t5x+zevma+yw4cc+hbruilqm4cztv1mrojqcehold0ucuxv9nv40kmlm6tjiiwzrc\\\\nues4lvutdmskaoqesaiua0sip/4=\\\\n'- 'size_regular.ui_button'- 'light'- '.answerwikiarea h3 a.action_button'- 'device'- '.resistance_wrapper'- 'different device'- 'modern electronic device'- 'should_autofocus'- 'margin-left:10px'- 'press'- 'devicespower'- 'resumeuploadingbutton'- 'h3 a.action_button'- 'computer'- '.contentwrapper'- 'keyweepuapixel'- 'min-device-width:320px'- 'shopper'- 'button'- 'stripepublishablekey'"""
26,'http://www.hse.gov.uk/msd/dse/', 25," ""'safety'- 'equipment'- 'screen equipment'"""
27,'https://www.quora.com/Why-is-a-computer-not-necessarily-an-electronic-device', 450," ""'viewscomputer'- 'should_cardify'- 'retryuploadingbutton'- 'formkey'- 'max-device-width:360px'- 'auto'- 'client_side_batched_logging_interval'- 'non electronic device'- 'margin-left'- 'originallyansweredbanner'- 'margin:0 auto'- 'margin-top:8px'- 'styled.ui_button'- 'a.action_button'- 'size_regular .ui_button_icon'- '.submit_button'- '.ui_button'- 'career'- '.results_wrapper'- 'flatstyle.ui_button'- 'postkey'- 'margin'- 'videoindicatorsvg'- 'hiragino'- 'should_animate_on_press'- 'reauthwrapper'- 'conversionlogging'- '-webkit-tap-highlight-color'- 'electronic device'- '“ analytical engine'- 'triggerpercent'- 'login'- 'googleautologinweb'- '.ui_qtext_image_wrapper canvas'- 'record_impression'- 'impressionhash'- 'pauseuploadingbutton'- 'machine'- 'in_product_answer_promotion'- 'max-device-width:480px'- 'margin-top:16px'- 'from_hovercard'- '.action_button'- 'margin:0'- 'view_tracking_key'- 'min-device-pixel-ratio:1.5'- 'size_regular.ui_button'- 'computerswhy'- '.answerwikiarea h3 a.action_button'- '//www.quora.com/why-is-a-computer-not-necessarily-an-electronic-device'- 'device'- '.resistance_wrapper'- 'different device'- 'should_autofocus'- 'aaibajakqew+pmxp0navzclb9zcqkznp+eic0z5igpes3n0ptvvmhlrk8jdj9kzjhdl0jrkzi3ih\\\\n3itmmldw4tgvyhlojhvmyecob+bon7tdaishaqdhrjhar0tgwphkbgm0e6ekb1a7ac3zcaif9f1u\\\\n4vuzydflgwgyi8dvg9cubgilmieeakhdf3/yvp1pqueesbivpbqx/ny6ayme8xt5hew8e5rkoj+o\\\\ny1zexk1tl/gv/bn7+yu7j2bnluhacuik9s/tq/bbzc6qr0rfqklvyktwfjutuu7dzg64brorexjf\\\\ncvdukwyh1k/snd0yswqvzxtkohvekjvsptrm01tjatgamzqvkelzo5rneippkimutzjamcqm1ul0\\\\njimfutt7fvei5qj1gnpswllcazkhud2ip8lxlblluwkaxnvjvja3u12pkphrddmkgldcwtzi10zw\\\\nvourqxhmq4tr1jdd5ks2xqlnt9lggw/r49xbuqnwgffpxvv1epszjycwoqw7reja1jvxabhbyuim\\\\nhmd9rpq3biifacejayo1js37nlbb4lovatpimcwp7b6hzhvc8rz3ep8d7pzixbqjfve6ivujox+b\\\\nogiiip8wss08y+tsxlck9igoneungc/1qfc+qohx8cnoz0lijbsvz1ttf8klso4ulym5gfqypkfg\\\\n1lskdyjwizhmutso4dhcsn053qe/+42skzes4o/gp2sh4ocowvuf9+6mjnh08wfuk17zaxis5ygx\\\\nmosl6ddaau32rlycbq/nblxdswqxvlt7xf+syckfhp0wrsyuz4tjjljt0xa/tkhfuxxozyrdiwps\\\\nromnqrhmjmsxmzbkebcdzhyktibeogth+kvschygtdpkj2gguexynns58ttzlqnllofocb0/cix3\\\\nxkcazqlu6ddfsqr47uum6umis+zqmlw4/pikiqtu5ljespoc68ahebt2mztrpdpqkyrx3qqlarr6\\\\neih/bbry4yqp4v/nnz+3cgzxolrp4betxb7swls9jfl8h6+8wazt/80ny1w0q3/j9ykcoctfjpti\\\\nn7gce4ki0np04fldwefzczihlb0m+qb18ea7h2ubzlxh5wg9sdvntmrsweiutddey+l98llkjh+y\\\\nzaxlcrbdkix2e0ahvwow9xxx+tfilmjybjcgnpyyku2plvxa0ye9qchad7ui6vn5nucqd7inhgrm\\\\nprlx01f1n4dxrskjonkuhgnmsiljsllksw1szmebr9zoevck+gwnpresshza97nswu+i6q/bxwtz\\\\nwbar/gbxqotzerrctszwprdinlam1cpxruzls7g7n0o3+mve9tstuybfimag73xaaaphhdvy/7gm\\\\n74zictmsmsaoewaq+w==\\\\n'- 'margin-left:10px'- 'press'- 'dialogsignupformwrapper'- 'resumeuploadingbutton'- 'h3 a.action_button'- 'computer'- '.contentwrapper'- 'keyweepuapixel'- 'min-device-width:320px'- 'shopper'- 'button'- 'stripepublishablekey'"""
28,'https://www.techwalla.com/articles/what-is-computer-equipment', 92," '\'setup\'- \'wireless router\'- \'homeproductivityby\'- \'equipment.if\'- \'homefamilyparentingtoyspetstravelproduct\'- \'necessary internal equipment\'- \'setupconfig.advertising.schedule.pre2.tag\'- \'hard drive\'- \'setupconfig.advertising.schedule.pre1.tag\'- \'plugin\'- \'keyboard\'- ""\'player_play_button""- \'images/getty imagesbasic computer\'- \'jwplayercontainerouter.offsetheight\'- \'homeentertainmentproductivitysmart\'- \'//www.techwalla.com/productivity\'- \'jwplayercontainerouter.getboundingclientrect\'- \'printer\'- \'productivity\'- \'portable hard drive\'- \'solid-state drive\'- \'jwplayercontainerouter\'- \'equipment\'- \'pcaround\'- \'productive\'- \'computer\'- \'jwpstate.jwphandler.setup\'- \'homeproductivitywhat\'- \'setupconfig\'- \'laptop computer\''"
29,'http://www.lib.iastate.edu/info/6006', 15," ""'equipmentoff-campus use'- 'equipment'- 'roomaudiovisual equipmentmicroform'- 'library computerssoftware'- 'remote access'- 'machinetelephonesuniversity'- 'computer'- 'production'"""
30,'http://aeiscreens.com/common-types-screening-equipment/', 29," ""'high material'- 'drive'- 'equipment'- 'machine'- 'undersized material'- 'shredder'- 'eco-star® patented anti-clogging'- 'material'- 'electromagnetic vibrator'"""
31,'https://en.wikipedia.org/wiki/Computer', 783," ""'title=computer'- 'federico faggin'- 'crowell-collier press'- 'microcomputer'- '16-bit microcomputer'- 'computersconsumer'- 'mechanism'- 'remote'- 'failure'- 'analytical engine'- 'available general-purpose computer'- 'combinational logic sequential logic'- 'timestamp'- 'human computer'- 'engineer'- 'first mechanical computer'- 'modern electronic computer'- 'programmable digital electronic computer'- 'supercomputer'- 'magnetic drum'- 'simple device'- 'own computer'- 'unsourced material'- 'key component'- 'flight'- 'punched card'- 'complex machine'- 'individual computer'- 'light'- 'assembly language'- 'device-and-lead structure'- 'theater'- 'short computer'- 'electronic machine'- 'computerized airline'- 'calculator'- 'light pen mouse'- 'begin'- 'laptop computer'- 'automatic general-purpose device'- 'teleprinter'- 'instant messaging'- '8-bit microcomputer'- 'usable computer'- 'computer/notebook'- 'american computer'- 'british computer'- 'hardware-related electrical engineering'- 'fuat sezgin'- 'digital equipment'- 'isbn 978-0-902505-01-8. light'- 'computer-aided design'- 'origin'- 'personal electronic computer'- 'keyboard'- 'general-purpose computer'- 'external device'- 'engin'- 'material form'- 'programmable computer'- 'semiconductor'- 'electronic equipment'- 'basic computer'- 'electronic digital computer'- 'same computer'- 'magnetic core'- 'cryptography'- 'human–computer'- 'cellular automaton'- 'large computer'- 'press'- 'typical personal computer'- '32-bit microcomputer'- 'hopper'- 'stored-program computer'- 'i 4-bit microcomputer'- 'assembly'- 'instrument'- 'synchronous logic asynchronous logic finite-state machine'- 'portable computer'- 'printer pc'- 'spintronics-based computer'- 'new device'- 'sophisticated computer'- 'other computer'- 'software-related computer'- 'first electronic programmable computer'- 'digital computer'- 'mechanical computer'- 'combination'- 'english mechanical engineer'- 'optical computer'- 'gear'- 'vtebasic computer'- 'sound card'- 'different computer'- 'crc press'- 'login'- 'simulator'- 'manual instrument'- 'actual first computer'- 'peripheral equipment'- 'machine'- 'manual resetting'- 'first electronic computer'- 'material'- 'third tide-predicting machine'- 'automatic digital computer'- 'quantum computer'- 'experimental equipment'- 'electronic stored-program digital computer'- 'printer'- 'device'- 'automation'- 'computer'- 'electronic instrumentation'- 'electronic engineering'- 'other machine'- 'fairchild semiconductor'- 'universal computer'- 'tide-predicting machine'- 'minicomputer'- 'automatic electronic digital'- 'typical modern computer'- 'optical engineering'- 'drive'- 'first stored-program computer'- 'chemical computer'- 'german engineer'- 'ultimate mechanical computer'- 'modern computer'- 'key'- 'card'- 'heater'- 'engine'- 'female computer'- 'keyboard image'- 'personal computer'- 'computer-aided manufacturing'- 'peripheral device'- 'few button'- '64-bit microcomputer'- 'wearable computer'- 'electronic calculator'- 'electronic product'- 'compatible computer'- 'automaton'- 'little engine'- 'engineering'- 'so-called computer'- 'guardian'- 'i computer'- 'button'- 'motorola'"""
32,'https://www.maltron.com/display-screen-equipment.html', 81," ""'other similar devices.as'- 'device'- 'equipment'- '> press'- 'safety'- 'sweden turkey'- 'press'- 'general keyboard'- 'computer'- 'product'- 'keyboard'- 'stick keyboard'- 'screen equipment'- 'key'- 'flat keyboard'- 'productivity'"""
33,'https://dir.indiamart.com/impcat/screen-printing-machines.html', 41," '\'ims.page_begin_tm=new\'- \'automaticpower\'- \'automatic round\'- \'margin\'- \'machinery\'- \'machine\'- \'auto\'- \'product\'- \'dizarioautomation\'- \'cmautomation\'- \'semi-automaticautomatic grade\'- ""ims.pagetype =\'product""- \'pagination\'- \'quoteautomatic filter\''"
34,'https://en.wikipedia.org/wiki/Category:Office_equipment', 38," ""'office_equipment'- '► calculators\\u200e'- '► personal computers\\u200e'- 'printero'- 'timestamp'- 'shredder'- 'feederb'- 'origin'- 'autographic register'- 'physical equipment'- 'computers\\u200e'- 'printers\\u200e'- 'machine'- 'mechanical calculator'- 'personal computer'- 'recorders\\u200e'- 'telautograph'- 'workequipmentmedia'- 'printer'- 'equipment'- 'computer'- 'calculator'- 'cartridge'- 'visible filew water-jet printer'"""
35,'https://www.archlouvers.com/Equipment_Screens.htm', 45," ""'mechanical equipment'- 'louvered equipment'- '_product'- 'equipment'- 'product'- 'computer'- 'roof equipment'- 'actual equipment'- 'enough structural support'- 'care'"""
36,'https://www.incometaxindia.gov.in/charts%20%20tables/depreciation%20rates.htm', 250," ""'clayey material'- 'automatic power'- 'anaesthesia apparatus'- 'magnetic resonance'- 'indicator'- 'apparatus'- 'surface'- 'laboratory equipment'- 'motor'- 'automatic voltage'- 'related equipment'- 'machinery'- 'imaging'- 'original cost'- 'electrical machinery'- 'pressure'- 'electrical equipment'- 'support'- 'electrotherapeutic apparatus'- 'motor-cab'- 'transplant equipment'- 'producer'- 'light motor'- 'engine'- 'machine'- 'medical equipment'- 'carrier'- 'films—machinery'- 'instrumentation'- 'material'- 'internal combustion'- 'product'- 'semi-conductor industry'- 'production'- 'felt-filter'- 'other equipment'- 'carbon'- 'ventilator'- 'device'- 'equipment'- 'civil engineering'- 'heavy lift'- 'compressor'- 'automatic electrical load'- 'computer'- 'safety'- 'automatic micro-processor'- 'converter'- 'other similar material'"""
37,'https://interestingengineering.com/17-devices-and-new-technologies-as-small-as-computer-chip-or-business-card', 153," ""'pagination'- 'light confinement'- 'small device'- 'original character'- 'electrical engineer'- 'release'- 'nearby smart device'- 'lifecard'- 'minicomputer'- 'domain=interestingengineering.com'- 'new iaspagingextension'- 'north carolina company'- 'other card'- 'portable device'- 'optical light'- 'origin'- 'card-sized computer'- 'interesting device'- 'widget_id=2695'- 'charger'- 'autologappevents=1'- 'card'- 'great gadget'- 'semiconductor'- 'new iastriggerextension'- 'product'- 'material'- 'microsd card'- 'negativemargin'- 'light'- 'key-ring'- 'trigger'- 'device'- 'sd card'- 'carry'- 'entire computer'- 'tiny computer'- 'engineering'- 'computer'- 'micro-thermocouple detector'- 'button'"""
38,'https://www.indiamart.com/proddetail/desk-bell-4561943230.html', 32," '\'//dir.indiamart.com/indianexporters/s_safety.html\'- \'prodname\'- \'equipment\'- \'dsb-06-07 product\'- \'proddispname\'- \'product\'- \'exporter product\'- \'material\'- \'prodserv\'- ""\'product""- \'safety\'- ""\'proddtl""'"
39,'http://www.laptopcareiit.com/training-tools.html', 7," ""'machine'- 'pump diagnostic card'- 'computer'- 'bga machine'- 'care'- 'smd machine'"""
40,'https://en.wikipedia.org/wiki/Mechanical_screening', 183," ""'stamp'- 'eccentric drive'- 'gyratory equipment'- 'crusher'- 'finished product'- 'pegging'- 'magnetic separation'- 'surface'- 'cloth material'- 'motor'- 'drive'- 'plugging'- 'feed material'- 'high carbon'- 'timestamp'- 'material forward'- 'dry material'- 'origin'- 'primary crusher'- 'virgin material'- 'material shape'- 'support'- 'eccentric gear'- 'virgin'- 'magnetation'- 'in-specification material'- 'high material'- 'final material'- 'material stratification'- 'whole assembly'- 'machine'- 'top surface'- 'material'- 'product'- 'intermediary product'- 'production'- 'unwanted material'- 'fine material'- 'equipment'- 'flat surface'- 'foreign material'- 'screen surface'- 'calculator'- 'jig'- 'large material'- 'other unwanted oversize material'- 'converter'"""
41,'https://www.zdnet.com/pictures/20-awesome-office-gadgets-and-must-haves/', 76," ""'networksgamespotlast.fmmaxprepsmetacritic.commoneywatchmysimonradio.comsearch.comshopper.comshowtimetechrepublicthe insidertv.comurbanbaby.comzdnet'- 'articleauthorname'- 'gadgetry'- 'usb drive'- 'key-finder'- 'devicetype'- 'doohickey'- 'awesome little gadget'- 'filter'- 'charger'- 'whistleblower'- 'gadget'- 'messaging'- 'clip-on cup'- 'usb-c-to-lightning cable'- 'product'- 'carescbs'- 'usb-c charger'- 'device'- 'prod'- 'toy'- 'computer'- 'solar usb charger'- 'handy-dandy clip-on cup'- 'button'"""
42,'https://www.yellowpages.com.au/see/computer-equipment-hardware', 2," ""'computer'"""
43,'https://en.wikipedia.org/wiki/Computer#Etymology', 783," ""'title=computer'- 'federico faggin'- 'crowell-collier press'- 'microcomputer'- '16-bit microcomputer'- 'computersconsumer'- 'mechanism'- 'remote'- 'failure'- 'analytical engine'- 'available general-purpose computer'- 'combinational logic sequential logic'- 'timestamp'- 'human computer'- 'engineer'- 'first mechanical computer'- 'modern electronic computer'- 'programmable digital electronic computer'- 'supercomputer'- 'magnetic drum'- 'simple device'- 'own computer'- 'unsourced material'- 'key component'- 'flight'- 'punched card'- 'complex machine'- 'individual computer'- 'light'- 'assembly language'- 'device-and-lead structure'- 'theater'- 'short computer'- 'electronic machine'- 'computerized airline'- 'calculator'- 'light pen mouse'- 'begin'- 'laptop computer'- 'automatic general-purpose device'- 'teleprinter'- 'instant messaging'- '8-bit microcomputer'- 'usable computer'- 'computer/notebook'- 'american computer'- 'british computer'- 'hardware-related electrical engineering'- 'fuat sezgin'- 'digital equipment'- 'isbn 978-0-902505-01-8. light'- 'computer-aided design'- 'origin'- 'personal electronic computer'- 'keyboard'- 'general-purpose computer'- 'external device'- 'engin'- 'material form'- 'programmable computer'- 'semiconductor'- 'electronic equipment'- 'basic computer'- 'electronic digital computer'- 'same computer'- 'magnetic core'- 'cryptography'- 'human–computer'- 'cellular automaton'- 'large computer'- 'press'- 'typical personal computer'- '32-bit microcomputer'- 'hopper'- 'stored-program computer'- 'i 4-bit microcomputer'- 'assembly'- 'instrument'- 'synchronous logic asynchronous logic finite-state machine'- 'portable computer'- 'printer pc'- 'spintronics-based computer'- 'new device'- 'sophisticated computer'- 'other computer'- 'software-related computer'- 'first electronic programmable computer'- 'digital computer'- 'mechanical computer'- 'combination'- 'english mechanical engineer'- 'optical computer'- 'gear'- 'vtebasic computer'- 'sound card'- 'different computer'- 'crc press'- 'login'- 'simulator'- 'manual instrument'- 'actual first computer'- 'peripheral equipment'- 'machine'- 'manual resetting'- 'first electronic computer'- 'material'- 'third tide-predicting machine'- 'automatic digital computer'- 'quantum computer'- 'experimental equipment'- 'electronic stored-program digital computer'- 'printer'- 'device'- 'automation'- 'computer'- 'electronic instrumentation'- 'electronic engineering'- 'other machine'- 'fairchild semiconductor'- 'universal computer'- 'tide-predicting machine'- 'minicomputer'- 'automatic electronic digital'- 'typical modern computer'- 'optical engineering'- 'drive'- 'first stored-program computer'- 'chemical computer'- 'german engineer'- 'ultimate mechanical computer'- 'modern computer'- 'key'- 'card'- 'heater'- 'engine'- 'female computer'- 'keyboard image'- 'personal computer'- 'computer-aided manufacturing'- 'peripheral device'- 'few button'- '64-bit microcomputer'- 'wearable computer'- 'electronic calculator'- 'electronic product'- 'compatible computer'- 'automaton'- 'little engine'- 'engineering'- 'so-called computer'- 'guardian'- 'i computer'- 'button'- 'motorola'"""
44,'https://en.wikipedia.org/wiki/LG_Laptops', 35," ""'card'- 'light weight'- 'back-light display'- 'timestamp'- 'unbearable lightness'- 'release'- 'ultra-lightweight touchscreen laptop'- 'computer'- 'product'- 'origin'- 'organic light-emitting diode'- 'infobox_computer'"""
45,'http://www.homescienceeducation.com/bell-desk-equipments-and-functions.html', 29," ""'card'- 'stamp folder'- 'care'- 'paging'- 'carpet'- 'machine'- 'packaging'- 'automation'- 'key'- 'car/taxi'"""
46,'https://en.wikipedia.org/wiki/Laptop#Types', 480," ""'adapter'- 'limited drive'- 'original etymology'- 'personal supercomputer'- 'mechanism'- 'failure'- 'low production'- 'luggable computer'- 'ultraportable computing'- 'timestamp'- 'safeguarding'- 'electrical equipment'- 'support'- 'charger'- 'terminal calculator'- 'portable microcomputer'- 'unsourced material'- 'stylus/digital pen'- 'annualized failure'- 'gizmodo'- 'traditional laptop computer'- 'external drive'- 'near-ubiquitous wi-fi support'- 'gadgettrack'- 'quanta computer'- 'flight'- 'productivity'- 'solid-state drive'- 'laptops hard drive'- 'equipment'- 'personalcomputerstationary workstation'- 'jfan'- 'calculator'- 'portable personal computer'- 'microsoft surface'- 'laptop computer'- 'illuminated keyboard'- 'external keyboard'- 'pure productivity'- 'surface'- 'ibm product'- 'computersmicrocomputer'- 'laptop keyboard'- 'oldcomputers.net'- 'hard drive'- 'pci express'- 'entire assembly'- 'satellite'- 'pressure'- 'origin'- 'keyboard'- 'driver'- 'separate device'- '2.5-inch drive'- 'special computer'- 'laptops support'- 'secondary device'- 'portal laptop computer'- 'electronic equipment'- 'preventative maintenance'- 'sd card'- 'daylight'- 'led lighting'- 'press'- 'traditional static computer'- 'express'- 'mobile computer'- 'keys'- 'setup'- 'thermal printer'- 'single-board computer'- 'portable computer'- 'calculator-size printer'- 'cd/cdr/dvd drive'- 'compressed air'- 'sdd drive'- 'easy release'- 'keyboard/mouse'- 'filter'- 'expresscard slot'- 'alphanumeric keyboard'- 'basic keyboard'- 'ibm personal computer'- 'hc-20-computer museum'- 'extensive disassembly'- 'login'- 'machine'- 'productive work'- 'original manufacturer'- 'www.theguardian.com'- 'drive corporate adoption'- 'public safety'- 'single 2.5-inch drive'- 'backlight power'- 'reassembly'- 'solar charging'- 'device'- 'original design'- 'computer'- 'first laptop computer'- 'support.apple.com'- 'ac adapter'- 'human reproduction'- 'open-source computer'- 'minicomputer'- 'second hard drive'- 'flat keyboard'- 'fan'- 'sensor'- 'drive'- 'available portable computer'- 'optical drive'- 'charging'- 'detachable keyboard'- 'key'- 'reset'- 'card'- 'personal computer'- 'disc drive'- 'discharging'- 'discharging time'- 'production'- 'passive device'- 'trigger'- 'compact fan'- 'associated press'- 'engineering'- 'large device'- 'button'- 'motorola'"""
47,'https://www.shutterstock.com/image-vector/electronic-devices-smartphone-computer-tablet-netbook-454887562', 39," ""'originalurl'- 'android device'- 'device'- 'original image'- 'blank computer'- 'data-lightboximageid='- 'press'- 'computer'- 'product'- 'filter'- 'btn btn-icon i-lightbox-label js_lightbox_add'- 'support'- 'production'- 'button'"""
48,'https://www.shutterstock.com/image-vector/electronic-devices-smartphone-computer-tablet-netbook-409873549', 39," ""'originalurl'- 'android device'- 'device'- 'original image'- 'blank computer'- 'data-lightboximageid='- 'press'- 'computer'- 'product'- 'filter'- 'btn btn-icon i-lightbox-label js_lightbox_add'- 'support'- 'production'- 'button'"""
49,'https://en.wikipedia.org/wiki/Laptop_cooler', 41," ""'adapter'- 'fan'- 'carpet'- 'unsourced material'- 'device'- 'timestamp'- 'original argument'- 'machine'- 'multi-surface cooler'- 'combination'- 'usb-powered fan'- 'multi-surface'- 'computer'- 'origin'- 'failure'- 'surface'"""
50,'https://www.zdnet.com/pictures/15-amazing-tech-gadgets-you-need-for-your-home-office/', 67," ""'stamp'- 'networksgamespotlast.fmmaxprepsmetacritic.commoneywatchmysimonradio.comsearch.comshopper.comshowtimetechrepublicthe insidertv.comurbanbaby.comzdnet'- 'articleauthorname'- 'devicetype'- 'surface'- 'mobile device'- 'shredder'- 'hotkey'- 'licensekey'- 'osborne iogear dvi'- 'keyboard'- 'charger'- 'setup.the'- 'osborne azumic stamp'- 'flexible product'- 'gadget'- 'clip-on cup'- 'usb-c-to-lightning cable'- 'product'- 'lightroom'- 'carescbs'- 'usb-c charger'- 'device'- 'keyboard-style accessory'- 'prod'- 'computer'- 'iogear dvi'"""
51,'https://lifehacker.com/five-best-netbooks-5273096', 78," ""'tech press'- 'standard laptop keyboard'- 'hive fivehive fivenetbookslaptopscomputerhardwareportablefeaturetop1732editembiggensend'- '4-in-1 card'- '\\\\x22production'- 'mini-mini-computer'- '\\\\x22salesforceexternalkey\\\\x22'- 'autopage'- 'many gadget'- 'caribn'- 'sd/mmc card'- 'edge-to-edge keyboard'- 'keyboard'- '\\\\x22computer\\\\x22'- 'key'- 'machine'- 'f_auto'- 'loginmodule.f249b5f5557603c50a62.en-us.js'- 'lightboxjs.820b445019307871a7f0.en-us.js'- '\\\\x22pianoprodaid\\\\x22'- '\\\\x22replyauthorname\\\\x22'- 'computer'- 'almost-pocketable computer'- 'button'"""
52,'https://en.wikipedia.org/wiki/Electronic_visual_display#Display_mode_of_observation', 40," ""'surface-conduction'- 'light-emitting diode'- 'light'- 'materialenduringplant'- 'timestamp'- 'device'- 'backlight'- 'available light'- 'light principle'- 'carrier'- 'combination'- 'computer'- 'filter'- 'origin'- 'light present visual information'- 'combiner'- 'white light temporal mixing'"""
53,'https://content.wisestep.com/list-office-equipment-every-office-needs/', 190," ""'managementmanagementworkplaceproductivitylist'- 'important equipment.speech'- 'ajax_pagination_infinite_stop'- 'multipurpose machine'- 'different technological equipment'- 'failure'- 'good impression'- 'wellnesslifestyleproductivitysalarieswork'- 'surface'- 'color_preset'- 'career'- 'live_filter_cur_post_id'- 'td_ajax_filter_type'- 'drive'- 'shredder'- 'computer.every'- 'pressure'- 'td_filter_default_txt'- 'router'- 'support'- 'card'- 'machine'- 'advicecareer'- 'product'- 'material'- 'beginner'- 'costly equipment'- 'td_category_ids_filter'- 'printer'- 'productivity'- 'extra material'- 'carbon'- 'equipment'- 'live_filter_cur_post_author'- 'press'- 'ajax_pagination'- 'computer'- 'calculator'- 'careerunemploymentwork'- 'live_filter'- 'stapler'"""
54,'https://en.wikipedia.org/wiki/Electronic_visual_display', 40," ""'surface-conduction'- 'light-emitting diode'- 'light'- 'materialenduringplant'- 'timestamp'- 'device'- 'backlight'- 'available light'- 'light principle'- 'carrier'- 'combination'- 'computer'- 'filter'- 'origin'- 'light present visual information'- 'combiner'- 'white light temporal mixing'"""
55,'https://dir.indiamart.com/impcat/screen-printing-material.html', 30," '\'ims.page_begin_tm=new\'- \'margin\'- \'machinery\'- \'equipment\'- \'auto\'- \'clear filter\'- \'material\'- \'product\'- ""ims.pagetype =\'product""- \'pagination\''"
56,'https://en.wikipedia.org/wiki/Electronic_visual_display#Types', 40," ""'surface-conduction'- 'light-emitting diode'- 'light'- 'materialenduringplant'- 'timestamp'- 'device'- 'backlight'- 'available light'- 'light principle'- 'carrier'- 'combination'- 'computer'- 'filter'- 'origin'- 'light present visual information'- 'combiner'- 'white light temporal mixing'"""
57,'https://en.wikipedia.org/wiki/Netbook', 196," ""'first mass-produced netbook'- 'crowded computer'- 'computerinception2007'- 'single-board computer'- 'release'- 'portable computer'- 'personal supercomputer'- 'minicomputer'- 'virtual machine'- 'original equipment'- 'wireless keyboard'- 'ulv product'- 'computersmicrocomputer'- 'sensor'- 'traditional keyboard'- 'drive'- 'conventional hard drive'- 'timestamp'- 'optical drive'- 'numeric keypad'- 'virtual appliance'- 'average shopper'- 'origin'- 'qwerty keyboard'- 'greenbutton'- 'keyboard'- 'support'- 'original asus'- 'engadget'- 'slashgear blog'- 'terminal calculator'- 'gadget'- 'top computer'- 'products.amd.com'- 'engine'- 'machine'- 'product'- 'light productivity'- 'engadget.com'- 'production'- 'solid-state drive'- 'normal keyboard'- 'light'- 'device'- 'personalcomputerstationary workstation'- 'infobox_product'- 'computerworld'- 'press'- 'computer'- 'calculator'- 'guardian ^'- 'card subnotebook'"""
58,'https://en.wikipedia.org/wiki/Electronic_visual_display#Addressing_modes', 40," ""'surface-conduction'- 'light-emitting diode'- 'light'- 'materialenduringplant'- 'timestamp'- 'device'- 'backlight'- 'available light'- 'light principle'- 'carrier'- 'combination'- 'computer'- 'filter'- 'origin'- 'light present visual information'- 'combiner'- 'white light temporal mixing'"""
59,'https://www.shutterstock.com/image-vector/electronic-devices-smartphone-computer-tablet-netbook-275616161', 39," ""'originalurl'- 'android device'- 'blank blue computer'- 'device'- 'original image'- 'data-lightboximageid='- 'press'- 'computer'- 'product'- 'filter'- 'btn btn-icon i-lightbox-label js_lightbox_add'- 'support'- 'production'- 'button'"""
60,'https://en.wikipedia.org/wiki/Laptop#Comparison_with_desktops', 480," ""'adapter'- 'limited drive'- 'original etymology'- 'personal supercomputer'- 'mechanism'- 'failure'- 'low production'- 'luggable computer'- 'ultraportable computing'- 'timestamp'- 'safeguarding'- 'electrical equipment'- 'support'- 'charger'- 'terminal calculator'- 'portable microcomputer'- 'unsourced material'- 'stylus/digital pen'- 'annualized failure'- 'gizmodo'- 'traditional laptop computer'- 'external drive'- 'near-ubiquitous wi-fi support'- 'gadgettrack'- 'quanta computer'- 'flight'- 'productivity'- 'solid-state drive'- 'laptops hard drive'- 'equipment'- 'personalcomputerstationary workstation'- 'jfan'- 'calculator'- 'portable personal computer'- 'microsoft surface'- 'laptop computer'- 'illuminated keyboard'- 'external keyboard'- 'pure productivity'- 'surface'- 'ibm product'- 'computersmicrocomputer'- 'laptop keyboard'- 'oldcomputers.net'- 'hard drive'- 'pci express'- 'entire assembly'- 'satellite'- 'pressure'- 'origin'- 'keyboard'- 'driver'- 'separate device'- '2.5-inch drive'- 'special computer'- 'laptops support'- 'secondary device'- 'portal laptop computer'- 'electronic equipment'- 'preventative maintenance'- 'sd card'- 'daylight'- 'led lighting'- 'press'- 'traditional static computer'- 'express'- 'mobile computer'- 'keys'- 'setup'- 'thermal printer'- 'single-board computer'- 'portable computer'- 'calculator-size printer'- 'cd/cdr/dvd drive'- 'compressed air'- 'sdd drive'- 'easy release'- 'keyboard/mouse'- 'filter'- 'expresscard slot'- 'alphanumeric keyboard'- 'basic keyboard'- 'ibm personal computer'- 'hc-20-computer museum'- 'extensive disassembly'- 'login'- 'machine'- 'productive work'- 'original manufacturer'- 'www.theguardian.com'- 'drive corporate adoption'- 'public safety'- 'single 2.5-inch drive'- 'backlight power'- 'reassembly'- 'solar charging'- 'device'- 'original design'- 'computer'- 'first laptop computer'- 'support.apple.com'- 'ac adapter'- 'human reproduction'- 'open-source computer'- 'minicomputer'- 'second hard drive'- 'flat keyboard'- 'fan'- 'sensor'- 'drive'- 'available portable computer'- 'optical drive'- 'charging'- 'detachable keyboard'- 'key'- 'reset'- 'card'- 'personal computer'- 'disc drive'- 'discharging'- 'discharging time'- 'production'- 'passive device'- 'trigger'- 'compact fan'- 'associated press'- 'engineering'- 'large device'- 'button'- 'motorola'"""
61,'https://www.flipkart.com/sewing-machines/pr?sid=j9', 174," '\'originalurl\'- \'pancard\'- \'cartdata\'- \'release\'- \'loginstate\'- ""//blog.errorception.com/2012/03/tale-of-unfindable-js-error.html \'originalcreatenotification""- \'produ-produ-c8896\'- \'productcrossverticalreco\'- \'productbuyback\'- \'comparewidgetdata\'- \'cardshelp\'- \'buygiftcard\'- \'baseimpressionid\'- \'multiwidgetpageurimatcherconfig\'- \'productimage\'- \'productlayout\'- \'giftcardlist\'- \'productreviews\'- \'multiwidgetpage\'- \'brandvsproduct\'- \'timestamp\'- \'legacy_login\'- \'margin\'- \'pickupaddress\'- \'productserviceabilityinfo\'- \'productlist\'- \'2-step login\'- \'productreservation\'- \'logintype\'- \'login\'- \'paybyinstrumenttype\'- \'card\'- \'productinfo\'- \'uscareersflipkart storiespresshelppaymentsshippingcancellation\'- \'productsimilarreco\'- \'pluslogin\'- \'addgiftcard\'- \'compareaddproductdata\'- \'paginationcontextmap\'- \'productlistview\'- \'widgetwidth\'- \'widget\'- \'globalconfig.device.desktop.271\'- \'seopagination\'- \'loginstatus\'- \'product\'- \'discjockey\'- \'selectedsectionkey\'- \'produ-produ-cd8f1\'- \'nativelogin\'- \'cobrandedexperience.device.desktop.23\'- \'enablenewproducttitle\'- \'productpagemetadata\'- ""\'production""- \'widgetheight\'- \'cart\'- \'device\\\\\'- \'widgettext\'- \'productpage\'- \'giftcard\'- \'productbrowsinghistoryreco\'- \'card -or-\'- \'productabbdata\'- \'overridequeryparams\'- \'emicard\'- \'spotlight_with_least_count_27_mar\'- \'instrumentcheck\''"
62,'https://en.wikipedia.org/wiki/Electronic_visual_display#Classification', 40," ""'surface-conduction'- 'light-emitting diode'- 'light'- 'materialenduringplant'- 'timestamp'- 'device'- 'backlight'- 'available light'- 'light principle'- 'carrier'- 'combination'- 'computer'- 'filter'- 'origin'- 'light present visual information'- 'combiner'- 'white light temporal mixing'"""
63,'https://www.macmillandictionary.com/thesaurus-category/british/computer-equipment-and-parts', 249," ""'similar modern instrument'- 'thin computer'- 'calculatorlaser'- 'adapter'- 'internetdisk drive'- 'computermouse'- 'depthauxiliary device'- 'instrument'- 'computermachine'- 'computerssound card'- 'special surfacehardware'- 'computerparallel'- 'other mobile device'- 'joystickstylus'- 'drive'- 'televisioncard'- 'thumbskeyboard'- 'writerc drive'- 'printerserial port'- 'networkink-jet printer'- 'diskdvorak keyboard'- 'vduwrist support'- 'keyboard'- 'noun musical instrument'- 'noun equipment'- 'small computer'- 'card'- 'unitadc noun analogue-to-digital converter'- 'normal computer'- 'computerkeypad noun'- 'electronic musical instrumentmodem'- 'personal computer'- 'printerbase'- 'small keyboard'- 'electronic equipment'- 'soft material'- 'computerprinthead noun'- 'equipmentsilicon chip'- 'keyboardcomputer'- 'computertube'- 'early computer'- 'other machinescpu'- 'computera'- 'printer'- 'machineinput/output'- 'pictureslight pen'- 'light'- 'imagesvideo card'- 'cardsstick noun'- 'device'- 'equipment'- 'flat surface'- 'noun computer'- 'noun personal computer'- 'computerchip'- 'keyboardexpansion'- 'computermatrix noun'- 'computer'- 'computerscreen noun'- 'computerperipheral noun'- 'button'- 'printerplasma'- 'laptop computer'"""
